cohort_month,0,1,2,3,4,5
2020-09,1.0,0.06227990087387505,0.017412286422329466,0.007760532150776054,0.0063910264771096905,0.004695448023998957
2020-10,1.0,0.02674721658399491,0.008143068183183003,0.005332628721730462,0.0033509085886549526,
2020-11,1.0,0.020720040840787518,0.008789647748207667,0.0061261181275386765,,
2020-12,1.0,0.023663869416895772,0.010219797619218977,,,
2021-01,1.0,0.02761950995171057,,,,
2021-02,1.0,,,,,
