views,carts,purchases,view_to_cart_rate,cart_to_purchase_rate,view_to_purchase_rate
793099,54032,37343,0.0681276864552849,0.6911274800118449,0.047084916258878146
